<?xml version="1.0" encoding="UTF-8"?>
<root>
    <doclet-version-NOT-library-version>1.05</doclet-version-NOT-library-version>
    <class>
        <name>ro.mindful.wrapper.HikariCP.HikariDataSourceWrapper</name>
        <shortname>HikariCP</shortname>
        <objectwrapper>com.zaxxer.hikari.HikariDataSource</objectwrapper>
        <owner>process</owner>
        <event>ConnectionReady (Success As Boolean, SQL As SQL)</event>
        <method>
            <name>IsInitialized</name>
            <comment></comment>
            <returntype>boolean</returntype>
        </method>
        <method>
            <name>Initialize</name>
            <comment>Initializes the pool.
DriverClass - The JDBC driver class.
JdbcUrl - JDBC connection url.
User / Password - Connection credentials.</comment>
            <returntype>void</returntype>
            <parameter>
                <name>DriverClass</name>
                <type>java.lang.String</type>
            </parameter>
            <parameter>
                <name>JdbcUrl</name>
                <type>java.lang.String</type>
            </parameter>
            <parameter>
                <name>User</name>
                <type>java.lang.String</type>
            </parameter>
            <parameter>
                <name>Password</name>
                <type>java.lang.String</type>
            </parameter>
        </method>
        <method>
            <name>GetConnection</name>
            <comment>Retrieves a connection from the pool. Make sure to close the connection when you are done with it.</comment>
            <returntype>anywheresoftware.b4j.objects.SQL</returntype>
        </method>
        <method>
            <name>Initialize2</name>
            <comment>Initializes the pool with a ConnectionTestQuery. - Usefull for Microsoft SQL Sever
DriverClass - The JDBC driver class.
JdbcUrl - JDBC connection url.
User / Password - Connection credentials.
ConnectionTestQuery - This is an sql query that will be run to test if the connection is valid - eg: "SELECT 1"</comment>
            <returntype>void</returntype>
            <parameter>
                <name>DriverClass</name>
                <type>java.lang.String</type>
            </parameter>
            <parameter>
                <name>JdbcUrl</name>
                <type>java.lang.String</type>
            </parameter>
            <parameter>
                <name>User</name>
                <type>java.lang.String</type>
            </parameter>
            <parameter>
                <name>Password</name>
                <type>java.lang.String</type>
            </parameter>
            <parameter>
                <name>ConnectionTestQuery</name>
                <type>java.lang.String</type>
            </parameter>
        </method>
        <method>
            <name>GetConnectionAsync</name>
            <comment>Asynchronously gets a SQL connection. This method is useful in UI applications as it prevents the main thread from freezing until the connection is available.
The ConnectionReady event will be raised when the connection is ready.</comment>
            <returntype>void</returntype>
            <parameter>
                <name>ba</name>
                <type>anywheresoftware.b4a.BA</type>
            </parameter>
            <parameter>
                <name>EventName</name>
                <type>java.lang.String</type>
            </parameter>
        </method>
        <method>
            <name>ClosePool</name>
            <comment></comment>
            <returntype>void</returntype>
        </method>
    </class>
    <version>1.1</version>
    <author>mindful</author>
</root>
